Wind Speed (m/s),Terrain Type,Land Use,Grid Connectivity (km),Environmental Impact,Economic Viability,wind_speed (m/s),wind_direction (degrees),temperature (C),humidity (%),seasonal_variation,elevation (m),proximity_to_power_lines (km),wildlife_habitats_nearby,protected_areas_nearby,zoning_laws,permit_status,accessibility,community_acceptance,installation_cost (million $),energy_output_potential (MW),Optimal for Turbine
5.56,Hilly,Agricultural,2.94,9,5,9.39,90,-5.0,28,Moderate,1056,1.12,Yes,Yes,Yes,Rejected,Moderate,High,13.07,6.74,0
5.56,Mountainous,Commercial,12.68,9,1,7.36,294,28.2,61,High,566,7.42,Yes,No,No,Rejected,Poor,High,34.28,2.04,0
14.04,Mountainous,Forest,3.31,3,7,9.54,93,-9.6,65,High,604,0.39,No,No,Yes,Approved,Moderate,High,37.09,6.32,1
10.2,Flat,Commercial,11.84,9,1,11.9,121,-9.0,84,Low,2368,14.38,Yes,Yes,Yes,Rejected,Moderate,High,2.3,13.38,0
6.51,Mountainous,Agricultural,0.69,4,5,5.83,316,16.6,30,Low,1451,11.83,Yes,Yes,No,Pending,Moderate,Moderate,48.97,11.19,0
9.98,Flat,Agricultural,16.68,1,9,14.62,103,-7.4,40,Moderate,2671,9.73,Yes,Yes,No,Rejected,Moderate,Moderate,6.9,13.45,0
11.94,Flat,Commercial,13.06,2,9,12.19,108,12.3,57,Moderate,2474,10.43,Yes,Yes,No,Approved,Poor,High,33.09,4.24,0
4.48,Mountainous,Forest,17.45,5,9,4.93,112,21.6,24,Moderate,1935,14.61,Yes,Yes,No,Approved,Good,Low,43.55,1.46,0
5.59,Mountainous,Residential,1.15,5,6,10.54,44,27.2,34,Moderate,2585,6.82,No,Yes,Yes,Pending,Good,High,36.5,7.76,0
10.55,Flat,Agricultural,2.02,6,8,13.02,205,4.4,32,Moderate,1993,10.75,No,No,No,Pending,Poor,High,6.68,3.55,0
4.22,Mountainous,Agricultural,11.44,6,3,6.01,230,8.4,55,Moderate,1060,2.21,No,No,No,Rejected,Poor,High,31.38,12.37,0
8.21,Hilly,Forest,17.21,9,10,7.11,28,7.0,46,Moderate,1707,4.1,Yes,No,Yes,Pending,Moderate,Moderate,28.03,9.59,0
8.87,Hilly,Agricultural,18.69,4,9,9.86,181,-4.9,61,High,2344,14.34,No,Yes,Yes,Rejected,Poor,Low,16.48,3.28,0
13.07,Flat,Residential,7.21,7,6,9.99,295,8.2,63,Moderate,1174,12.42,No,No,No,Pending,Good,Moderate,25.72,3.62,0
13.47,Hilly,Residential,14.17,4,8,4.27,151,11.3,47,Moderate,2903,3.51,No,No,No,Pending,Poor,Moderate,8.59,6.86,0
9.59,Mountainous,Agricultural,15.67,2,5,10.98,83,31.6,73,Moderate,2204,13.58,No,Yes,Yes,Pending,Poor,Moderate,32.77,10.01,0
8.26,Flat,Forest,0.55,7,6,4.45,157,31.1,68,Low,592,6.92,No,Yes,No,Rejected,Good,High,9.35,1.89,0
5.91,Hilly,Forest,14.93,7,10,7.08,110,23.8,61,Moderate,2730,0.11,No,Yes,Yes,Approved,Poor,High,26.94,8.62,0
11.53,Hilly,Residential,17.99,1,2,10.49,8,4.8,12,Low,2028,11.74,No,Yes,Yes,Pending,Good,Moderate,5.31,12.95,0
4.34,Mountainous,Forest,17.39,2,2,6.12,356,7.1,46,High,501,3.19,No,Yes,No,Pending,Moderate,Moderate,4.67,4.03,0
13.17,Mountainous,Agricultural,6.92,1,2,4.21,253,33.8,90,Low,1012,8.9,No,No,No,Pending,Moderate,Low,33.31,3.09,0
6.41,Flat,Agricultural,1.53,3,5,10.21,244,-7.5,18,High,2689,6.27,Yes,Yes,Yes,Approved,Moderate,High,11.34,14.14,0
8.36,Mountainous,Commercial,4.85,7,10,11.69,154,12.0,13,Moderate,474,13.09,No,Yes,Yes,Pending,Moderate,Low,11.85,6.28,0
14.05,Flat,Agricultural,13.92,10,4,11.97,80,14.9,83,Low,927,4.51,Yes,No,Yes,Approved,Good,Moderate,3.29,14.86,0
4.09,Mountainous,Agricultural,12.06,9,6,6.9,68,2.7,75,Moderate,600,0.41,Yes,Yes,No,Approved,Moderate,Moderate,21.49,8.29,0
12.19,Mountainous,Agricultural,9.3,1,4,5.55,259,2.4,69,High,179,10.67,Yes,No,No,Rejected,Poor,Low,27.35,6.5,0
11.51,Mountainous,Residential,19.81,6,9,7.89,13,-3.2,89,Low,1716,12.52,Yes,No,No,Approved,Poor,High,28.39,11.99,0
7.55,Hilly,Agricultural,16.23,1,6,6.21,328,9.4,87,High,811,14.44,Yes,Yes,No,Approved,Moderate,High,36.34,7.99,0
11.09,Hilly,Commercial,14.05,1,6,9.67,284,33.9,48,Moderate,1997,13.33,No,Yes,No,Rejected,Poor,High,25.2,11.17,0
12.31,Hilly,Forest,15.96,9,7,5.6,14,-5.2,63,Moderate,581,6.36,Yes,No,Yes,Pending,Poor,Moderate,41.73,4.08,0
12.86,Hilly,Residential,9.16,1,5,13.75,200,32.2,39,Low,1728,0.92,Yes,Yes,Yes,Rejected,Good,High,6.82,13.45,0
9.77,Mountainous,Commercial,14.08,7,8,9.3,55,28.2,53,High,2118,3.11,No,Yes,Yes,Rejected,Moderate,Moderate,36.56,7.11,0
14.89,Flat,Agricultural,11.61,9,4,8.24,127,-5.7,14,High,2792,10.64,No,Yes,Yes,Rejected,Moderate,Moderate,1.96,7.74,0
5.77,Hilly,Agricultural,5.46,1,8,12.44,322,0.6,48,High,1161,3.22,No,Yes,No,Pending,Poor,Low,40.58,14.12,0
9.59,Mountainous,Agricultural,5.11,10,2,5.69,260,24.4,16,High,138,7.88,No,Yes,Yes,Pending,Poor,Moderate,7.93,12.23,0
14.85,Flat,Agricultural,14.52,4,10,4.34,268,34.0,71,High,2593,12.47,No,Yes,No,Pending,Good,Low,49.47,9.87,0
10.33,Hilly,Forest,14.87,6,2,7.09,269,8.0,33,High,968,14.15,No,Yes,No,Approved,Poor,Moderate,34.54,3.41,0
4.91,Mountainous,Forest,15.61,4,4,4.87,42,-8.1,66,Moderate,1154,12.42,Yes,Yes,No,Approved,Good,Low,29.97,2.36,0
12.96,Hilly,Agricultural,10.81,7,3,7.34,204,28.6,61,High,2164,7.53,Yes,No,No,Approved,Good,Low,28.91,12.15,0
13.06,Hilly,Residential,13.03,3,5,5.16,245,19.7,87,Moderate,996,4.61,No,No,No,Approved,Good,Moderate,16.31,6.21,0
7.88,Mountainous,Commercial,16.59,5,6,5.21,349,9.2,57,Moderate,1232,5.9,No,No,No,Pending,Poor,Moderate,30.51,10.44,0
8.23,Mountainous,Agricultural,2.67,8,8,7.23,274,19.8,69,Moderate,1325,5.37,No,No,No,Pending,Poor,Moderate,27.42,4.52,0
7.95,Flat,Residential,14.31,10,5,9.36,7,26.3,30,Moderate,1543,3.66,Yes,No,No,Pending,Moderate,High,37.67,13.32,0
10.27,Flat,Residential,7.32,7,6,13.01,123,-6.9,35,High,2665,9.35,Yes,Yes,No,Approved,Moderate,Low,12.44,3.93,0
14.34,Hilly,Residential,11.14,10,9,12.48,260,-3.4,11,Low,449,14.44,No,Yes,No,Approved,Moderate,Moderate,49.55,12.73,0
4.45,Hilly,Forest,13.42,1,3,7.12,230,-7.2,49,Moderate,2846,4.11,No,No,No,Rejected,Poor,Low,13.85,13.46,0
5.73,Flat,Commercial,1.95,10,9,12.76,246,-2.4,64,High,1661,10.21,No,Yes,Yes,Approved,Moderate,High,46.43,14.42,0
7.03,Hilly,Residential,3.94,4,5,10.97,201,11.1,52,Moderate,363,1.44,No,Yes,No,Approved,Good,Moderate,6.73,7.31,0
10.58,Mountainous,Commercial,14.25,8,8,6.34,43,26.5,88,High,1635,6.86,No,Yes,Yes,Approved,Good,Moderate,28.79,12.37,0
11.69,Flat,Residential,4.18,6,5,8.25,298,25.6,10,Moderate,2132,13.01,No,Yes,Yes,Pending,Moderate,Low,24.6,8.19,0
8.78,Flat,Forest,10.76,10,5,6.57,226,31.3,90,High,2468,13.63,Yes,No,Yes,Rejected,Poor,Moderate,36.7,9.38,0
9.42,Hilly,Agricultural,4.74,5,10,12.1,245,4.1,38,Low,1232,1.27,Yes,No,No,Approved,Moderate,Moderate,12.69,13.77,0
9.43,Mountainous,Agricultural,6.95,10,4,4.74,302,25.6,21,Moderate,1123,0.96,Yes,Yes,No,Pending,Good,Moderate,24.82,6.52,0
6.66,Mountainous,Forest,19.64,1,6,12.74,256,10.6,59,Moderate,1237,14.56,Yes,No,No,Rejected,Poor,Moderate,40.34,10.65,0
7.44,Hilly,Residential,1.32,1,8,4.7,123,22.4,66,High,754,5.66,Yes,No,No,Pending,Moderate,Low,2.27,1.41,0
5.17,Hilly,Commercial,15.79,2,8,6.56,257,-7.5,46,Moderate,2854,4.37,No,No,Yes,Pending,Poor,High,22.56,9.54,0
12.1,Flat,Residential,5.15,8,7,10.48,339,-7.8,56,High,1549,14.03,No,Yes,No,Rejected,Good,Moderate,32.47,3.66,0
7.94,Flat,Residential,19.64,5,9,4.22,87,22.5,30,High,1431,7.1,No,Yes,Yes,Rejected,Moderate,Low,25.64,0.76,0
4.4,Flat,Agricultural,8.97,3,7,8.76,10,8.0,80,High,1270,4.59,Yes,Yes,Yes,Approved,Good,Low,32.12,12.61,0
13.04,Hilly,Forest,18.21,3,5,10.69,340,5.1,73,High,759,8.81,Yes,Yes,Yes,Approved,Moderate,Low,15.58,12.1,0
7.45,Flat,Commercial,9.86,6,9,5.74,271,6.4,58,Low,1368,4.45,No,Yes,No,Pending,Good,Moderate,12.24,13.12,0
11.75,Flat,Residential,10.69,6,6,14.43,262,14.1,81,High,1911,10.2,No,No,Yes,Pending,Moderate,Low,44.86,14.56,0
12.11,Mountainous,Agricultural,6.32,8,10,11.72,290,27.9,59,High,1022,4.88,No,No,No,Pending,Moderate,Moderate,43.93,2.62,0
7.77,Mountainous,Residential,11.66,6,6,4.72,148,2.6,18,Low,2795,10.32,No,No,Yes,Approved,Moderate,Moderate,18.04,3.51,0
11.54,Flat,Agricultural,9.11,4,6,7.23,309,7.4,20,Moderate,2267,11.06,Yes,No,Yes,Pending,Poor,Low,47.5,6.54,0
7.53,Hilly,Agricultural,4.32,6,3,9.6,163,34.4,36,High,2647,6.17,No,Yes,Yes,Approved,Moderate,High,37.44,11.59,0
10.03,Hilly,Commercial,14.34,6,9,4.35,39,8.4,36,Low,1573,4.19,Yes,No,Yes,Approved,Poor,High,43.05,11.29,0
10.7,Flat,Residential,9.2,10,3,12.55,9,22.8,52,Low,976,14.94,Yes,No,Yes,Rejected,Good,Low,36.35,1.4,0
10.02,Mountainous,Agricultural,0.81,4,7,5.56,232,9.1,60,Moderate,41,14.28,No,Yes,No,Approved,Moderate,Low,18.95,3.65,0
5.77,Mountainous,Forest,9.59,6,3,7.69,112,4.8,41,Low,2698,10.58,No,Yes,No,Approved,Moderate,High,28.71,9.57,0
7.86,Mountainous,Commercial,8.54,2,9,9.97,293,7.2,73,High,742,1.29,Yes,No,Yes,Approved,Poor,Low,23.54,12.69,0
4.36,Mountainous,Residential,16.07,8,2,4.26,58,8.5,50,Moderate,2556,6.2,No,Yes,Yes,Rejected,Moderate,Moderate,40.62,7.6,0
11.83,Mountainous,Residential,10.92,1,10,6.19,34,15.9,19,High,2187,7.83,Yes,Yes,No,Pending,Good,Moderate,8.81,1.45,0
5.91,Flat,Commercial,10.1,10,3,10.56,305,17.0,30,Moderate,1613,2.28,Yes,No,No,Approved,Moderate,High,43.21,3.42,0
12.47,Hilly,Forest,17.72,4,2,14.02,337,33.1,25,High,2631,6.43,No,No,Yes,Rejected,Poor,Moderate,42.34,3.24,0
6.95,Hilly,Forest,7.59,3,2,4.88,47,6.5,61,High,475,10.0,Yes,No,Yes,Rejected,Poor,High,48.04,10.31,0
7.59,Mountainous,Residential,18.8,7,7,10.64,86,23.6,23,High,1856,11.05,No,Yes,No,Rejected,Good,High,22.56,6.1,0
8.88,Flat,Agricultural,10.89,9,6,5.59,307,-5.3,50,Low,118,2.83,No,Yes,Yes,Approved,Moderate,Moderate,42.98,1.32,0
12.18,Mountainous,Residential,5.64,3,5,7.01,112,-4.9,47,Moderate,2202,10.69,Yes,No,Yes,Rejected,Poor,Low,11.2,5.85,0
8.31,Mountainous,Commercial,19.91,2,3,14.01,242,1.3,77,High,2426,12.34,No,Yes,Yes,Pending,Poor,High,4.86,0.74,0
13.65,Mountainous,Commercial,4.79,8,6,10.34,203,1.4,82,Moderate,2150,9.42,No,Yes,Yes,Rejected,Poor,Low,46.14,6.28,0
11.14,Hilly,Forest,9.39,5,3,9.64,23,12.5,68,High,179,10.25,Yes,Yes,Yes,Pending,Good,Moderate,13.49,4.06,0
4.52,Hilly,Residential,2.37,4,1,7.98,267,19.4,83,High,377,13.55,Yes,No,No,Pending,Good,High,27.27,7.76,0
4.24,Hilly,Forest,4.08,6,9,13.08,286,5.2,68,High,631,9.54,Yes,Yes,No,Pending,Poor,Moderate,26.42,4.95,0
11.28,Hilly,Commercial,11.17,2,7,12.92,161,-0.6,51,High,1570,5.07,No,No,Yes,Approved,Good,Low,40.95,1.77,0
12.55,Hilly,Residential,11.79,9,7,5.0,301,11.2,45,High,662,6.78,No,Yes,Yes,Rejected,Good,High,16.84,10.06,0
4.42,Hilly,Agricultural,10.89,10,7,8.77,289,7.0,12,Moderate,43,13.96,Yes,No,No,Pending,Good,Low,40.41,5.9,0
14.08,Mountainous,Forest,15.18,5,3,12.54,284,22.6,29,Low,2753,12.89,No,Yes,No,Pending,Poor,Moderate,22.71,10.36,0
6.41,Mountainous,Commercial,3.47,8,5,5.48,168,8.2,20,Low,673,2.71,Yes,No,Yes,Pending,Poor,Moderate,2.64,11.57,0
9.88,Hilly,Residential,8.31,3,2,8.34,66,28.1,53,Low,2749,7.21,No,Yes,No,Approved,Good,Moderate,40.81,3.28,0
10.82,Mountainous,Residential,2.54,6,8,12.29,150,10.7,45,Moderate,225,12.46,No,Yes,No,Approved,Good,Moderate,44.57,1.18,0
13.71,Hilly,Commercial,17.74,1,1,8.7,158,8.3,30,Low,2979,2.53,No,No,No,Pending,Moderate,Low,25.98,7.55,0
6.67,Flat,Residential,14.54,7,9,4.3,299,23.6,11,Moderate,1333,4.28,Yes,Yes,Yes,Rejected,Poor,Low,5.47,9.61,0
12.13,Mountainous,Commercial,5.15,8,2,6.07,210,15.5,48,High,921,6.08,No,Yes,No,Rejected,Good,Low,9.63,3.82,0
10.97,Hilly,Agricultural,18.76,7,6,13.62,155,-6.4,37,Low,1477,10.26,No,Yes,Yes,Pending,Moderate,Moderate,13.29,8.25,0
7.72,Mountainous,Commercial,15.46,7,3,10.38,2,20.0,11,High,2421,14.15,No,Yes,Yes,Rejected,Moderate,Low,43.98,14.03,0
12.21,Hilly,Residential,12.66,4,2,13.21,6,25.8,18,Moderate,1609,2.6,Yes,No,Yes,Pending,Moderate,High,8.68,12.95,0
11.92,Hilly,Commercial,5.75,7,5,7.87,0,20.0,72,High,2888,3.9,No,No,Yes,Rejected,Moderate,Moderate,7.44,6.81,0
14.07,Mountainous,Agricultural,13.8,9,10,8.79,229,14.1,85,Moderate,196,12.32,Yes,Yes,No,Pending,Poor,Moderate,38.44,1.43,0
9.33,Mountainous,Forest,17.24,10,8,10.25,150,-7.1,54,High,1346,0.31,Yes,Yes,Yes,Approved,Poor,High,37.4,9.26,0
